{"cameraMode":{"drawMode":0,"name":"Shaded","section":"Shading Mode"},"sceneLighting":true,"audioPlay":false,"sceneViewState":{"showFog":true,"showMaterialUpdate":false,"showSkybox":true,"showFlares":true,"showImageEffects":true,"showParticleSystems":true},"in2DMode":false,"pivot":{"x":4.835830211639404,"y":4.9677605628967289,"z":-24.950298309326173},"rotation":{"x":0.03471577912569046,"y":-0.2311425805091858,"z":-0.008253342472016812,"w":-0.972266674041748},"size":5.707395553588867,"orthographic":false}